{  "project_info": {    "project_number": "221424513093",    "firebase_url": "https://rakib-6e344-default-rtdb.firebaseio.com",    "project_id": "rakib-6e344",    "storage_bucket": "rakib-6e344.firebasestorage.app"  },  "client": [    {      "client_info": {        "mobilesdk_app_id": "1:221424513093:android:e215171e62b7e5bbc4b32c",        "android_client_info": {          "package_name": "com.rakib.com"        }      },      "oauth_client": [        {          "client_id": "221424513093-fqujc8tgk3qsl1r119487m77u2ldf4sg.apps.googleusercontent.com",          "client_type": 3        }      ],      "api_key": [        {          "current_key": "AIzaSyBvY8AVHfXCjAPaAymunweBeIIkDCKLvRY"        }      ],      "services": {        "appinvite_service": {          "other_platform_oauth_client": [            {              "client_id": "221424513093-fqujc8tgk3qsl1r119487m77u2ldf4sg.apps.googleusercontent.com",              "client_type": 3            }          ]        }      }    }  ],  "configuration_version": "1"}

